{"cameraMode":{"drawMode":0,"name":"Shaded","section":"Shading Mode"},"sceneLighting":false,"audioPlay":false,"sceneViewState":{"showFog":true,"showMaterialUpdate":false,"showSkybox":false,"showFlares":true,"showImageEffects":true,"showParticleSystems":true},"in2DMode":false,"pivot":{"x":5.960464477539063e-8,"y":0.8863580226898193,"z":-0.00444406270980835},"rotation":{"x":-0.3260343074798584,"y":-0.5782856941223145,"z":0.27043798565864565,"w":-0.6972805857658386},"size":1.373488426208496,"orthographic":true}