{"cameraMode":{"drawMode":0,"name":"Shaded","section":"Shading Mode"},"sceneLighting":false,"audioPlay":false,"sceneViewState":{"showFog":true,"showMaterialUpdate":false,"showSkybox":false,"showFlares":true,"showImageEffects":true,"showParticleSystems":true},"in2DMode":false,"pivot":{"x":0.1500244140625,"y":-85.06928253173828,"z":31.00202178955078},"rotation":{"x":-0.6067074537277222,"y":0.00048524519661441445,"z":-0.0003662576782517135,"w":-0.7949424982070923},"size":608.5402221679688,"orthographic":true}