{"cameraMode":{"drawMode":0,"name":"Shaded","section":"Shading Mode"},"sceneLighting":true,"audioPlay":false,"sceneViewState":{"showFog":true,"showMaterialUpdate":false,"showSkybox":true,"showFlares":true,"showImageEffects":true,"showParticleSystems":true},"in2DMode":false,"pivot":{"x":-0.30094969272613528,"y":1.1212103366851807,"z":-0.997482180595398},"rotation":{"x":-0.37428438663482668,"y":-0.17314596474170686,"z":0.07139383256435394,"w":-0.9082329869270325},"size":5.741549968719482,"orthographic":true}